{"version":1,"hash":{"type":"Buffer","data":"KsEA6n+fwqsqAWbExYMa7o49l5kkiegYn+h2glwqSExnirPU9CJgH5VKg3Mvi9xnBX2+LfeABDIKpjBmY3szrZhLuYQBkdf2X/ti843RyitQKB/A316+5MzHuy+5QJso0VznNs0R1rSJGAkPIdJrLjAu0uy0DmUebpKlhb9THnA="},"indexValueMap":{"kb2aXoCvN2LKNMhA3ldDARmxrxnNCp5uo1zSKE1Go74=":{"valueMac":{"type":"Buffer","data":"ilzdmBg+QhgPE0zu+4BMTCGUs188gyboZJ0vYygum7g="}},"aY6AaKBCXm3JNt64GLg55CujAwWLquOVDfGCHmpnsDg=":{"valueMac":{"type":"Buffer","data":"QGSvv7zFzOV0uEfkXl7zKG/Xp9ULNbMDNW+cL4hZycs="}},"3xOZBpXNP7bkHz1MdVoT4LtUD6qOLhFrlDL7JuGkqro=":{"valueMac":{"type":"Buffer","data":"I9q/qxhxArMQ0foVJG7cvbi3VJjZfKkogatPxEKbRYw="}},"UWpo9l06FTdnANdCSQonNU+qqEgw7tBUWxy3IZZD1bU=":{"valueMac":{"type":"Buffer","data":"Kikwiw9BJrwEoNKRhVu65BJBjvXubadBNMxAYpgIAK4="}},"D5bvHF11x4ngoxtUtYAMti0vZP/7OkROoARHGtB6eWQ=":{"valueMac":{"type":"Buffer","data":"RoeytRtQxSl3xpdrI1hGOHkQD59wjjKeBYoXtoGFhN0="}},"mEd6VBOwMGBrQRQDaic2RSpzUclOCR2Hvur6AdQmIbg=":{"valueMac":{"type":"Buffer","data":"n7Xq3rtP9QnV4k7B7Gp/do0VOGw3ywjHVxaMvSBxeus="}},"De+dAc5QmLDz41LCV2sMcIHHhsscY3oXv0cCmHDD9jo=":{"valueMac":{"type":"Buffer","data":"lilyMcTH4Y6HRs7HsF1NZy4HsrbMEBqucLCy+ix9x2k="}}}}