{"version":1,"hash":{"type":"Buffer","data":"dWBDLp1YqniOKYYKpi8xGVkZWFFrVyHsXGbVcKvS7y2vSWv7jMreTIrgEkjf7a8LBzwUT4Q+VI71i8MdstOanJbum0eGxOwnxV3yyBry4ubU5+Toz58Vh7rCwuYfOxYWoKqmZ20+gNb6lRtCrtVVbA9RRhy+DjAPyIE3aL/Zv80="},"indexValueMap":{"G6FSSjxZGBcHscpFQlGIT4GkfGK7cuPUz9p/UdHv3MY=":{"valueMac":{"type":"Buffer","data":"0Sj4Zbzt53zrOl3RM80zHUyeRBfwmDhSmc4dIl9TVR0="}},"PWmmaKnKVqsMNat6T/5JHmFtX3U0MlYcR2z4bQT0h4k=":{"valueMac":{"type":"Buffer","data":"bFSITxeiJfIJXWgcoP/YCm5cSJQlHp08Wa3l4fnKCXE="}},"Tp8sg+E+CqA3UUOv3Psd6kRhkAbJYmT5+0TjKsMhxHM=":{"valueMac":{"type":"Buffer","data":"04DD4G+J/NBuNJeXquKI3Ls6r4AlNifHil8xbuEtyyw="}},"zVLltDQGaPtF3PEYUqKJMQTk+zar2XKk4chPGXL86rY=":{"valueMac":{"type":"Buffer","data":"nagPOOkoA8K0ecAVQ6jmo9fpKJZIYjWOQVipEHork+I="}},"9vfKPkzzvRdVpriEDEMm1GUs/jAvdQvwAsewOcfNquU=":{"valueMac":{"type":"Buffer","data":"dSIymk7TbU6fxzLSZhCqRqyTO0/kG5G5xzKzW+1IMPc="}},"vY8Bk3jMyiV2rA/tSsRpp5sWLvKR2aq50AdJof9SOM8=":{"valueMac":{"type":"Buffer","data":"QJlHu3qAHLsD0SpMt8yu0AZiXGz0D/5xSgr1rBDV9ZE="}},"p6xc8f0j754d0S/KpSl8sB5sacLe1L72740OPMWEGkE=":{"valueMac":{"type":"Buffer","data":"xMaZjBll12qAF9w5kb1aDqFRnPNI/RgMC9DJTLJA6Nw="}},"p9s3RwPw7f5++7uGdDWtyXfZHOvFgNCtud3fS3PxKuo=":{"valueMac":{"type":"Buffer","data":"/g4PoD8o57YgHj54PCs/jNAHsXhwvRxlWLekVypcmAY="}},"fs5jkR7hNGEHZFr5YWw06+TTUY89J/6QFqnJz1Fwr4I=":{"valueMac":{"type":"Buffer","data":"u0m+/6+K67IvRu4LihMrbA8MFa8fWeDKpaZg0Hcf8lo="}},"SxyqOeHbZl7k+2KSw9F+bYnsdqaOdLy8Tzh16+qUq/Q=":{"valueMac":{"type":"Buffer","data":"hDNSDdSjMAACRHzzz7ioLYLpx5bMb+38hsJ8E9Ut80w="}},"tzVmT/Y/QeyJhANIMr0sc0MrNPOc1yW0zBqN2vc3EJI=":{"valueMac":{"type":"Buffer","data":"nsS/PJBxyjr1mOzZdIF/r73FDi/4OeoNoFJ9ppMdX14="}},"7C+WMlLDMlxFv+GEZ+ZRYKj2AdCRCXeegPtzEs+WwNk=":{"valueMac":{"type":"Buffer","data":"bNfu+0GKJRjhOagCBCVfbCaFXIZ/FIbTQQfns2oqA7A="}},"k4s4JuGZueidk3P5RKG/AoNKcfZo+giIhT/882Xcdiw=":{"valueMac":{"type":"Buffer","data":"sZoavNZTgrznyZGB40HIQBQQffWoSWYh6pKgXft5Cp4="}},"+kob86c+y3uNhe9HZ9AOJiGsd4RwrZwDd6MaX9FhpcQ=":{"valueMac":{"type":"Buffer","data":"2tqmcaQtjOJLr0AG4D6cMNA4jSEKpzPUj5Rn6FkQ92A="}},"zliI46v4srxvKIzjip56vDukZc0CoevNeL8HQY5Cpxg=":{"valueMac":{"type":"Buffer","data":"SrxzsD4mzQWgsHyn6RdrQUD9f1ggoUmKQMPLsHsy/j8="}},"G7vqnYqIjP3mSyNYpkbiC6Xvi5zHYxik0ABiYNlPDSo=":{"valueMac":{"type":"Buffer","data":"sZLzJuqNr0EBovYby+R3/Wdzd/j3aBznr1zfEaWPx98="}},"8ZC9j/+mCVh3k2wRfDZ4po8/cht5ZuARJwyfTyxLIv0=":{"valueMac":{"type":"Buffer","data":"tplMIv3+w+GmNIiaRsVzVpVRdBJrTDJ6PWN8xwuOMys="}},"yayJ024LPseAiDmTIvG/AT62i/1YjKbLZMxI5sNGeT0=":{"valueMac":{"type":"Buffer","data":"bAndHRHiFfCoN64ziSdYD+LNofYQyKXV9LVlLbCkuxU="}},"M//2dHIzj57/4TjsN8u42sYzYQnzG3psuD79qAEGDFU=":{"valueMac":{"type":"Buffer","data":"8GNTLC+1vXz7bTXjhqqowuYFNCweHwA9pQvFllAGydA="}},"LBxcNay0r/bpiE6ZzURxdLbpaWWp/KWNoHZfYIfLtEw=":{"valueMac":{"type":"Buffer","data":"VlqMqRbpuIQ4fNiNAxIh7c4YVdL5Oz9GnmjvyKc6+sk="}},"PUE1GJ6CTGjXisiHPwhvuUR4rngJPxUE/ubyXAV4PSQ=":{"valueMac":{"type":"Buffer","data":"FewRlMtVSvYabNVx1cZLrPtoRVs9Lw8G7PQZXHsjP/I="}},"uDgkztEU/0K7T/H6Owk1T88BY7PFSD/3gB9e7jzuNw8=":{"valueMac":{"type":"Buffer","data":"yHz7XTjXQOE82wMoJlL7JUEFi8GFrhaFegQNOoWc8ac="}},"6c6yrsRIxVMgsqmDpVMZpLHDgIi34EazXvCtrmmp1H0=":{"valueMac":{"type":"Buffer","data":"KDI7prIhDSMo3KH1q3lS56ChS1OxJC/NOI+5koQLJCw="}},"RC0zdgt9p5mY9f6t/liig3cOb8PqI1sPXaUy/8sjrSw=":{"valueMac":{"type":"Buffer","data":"BgdZe23IPch5XvOKqKI8WkmrwBf7ChX0XDuXGZlFWK0="}},"BNZrOLB6Y4Y8g/WLWUS27u6Z9athCSylBOOmysIl300=":{"valueMac":{"type":"Buffer","data":"c3qaOgjNASXw9j6V/t9DB3jv3pvxliVFPu1+KuQ6OTQ="}},"CoAofUdRr2Bh2f3dyyQ/51cUqT+x3OpHqFzJncVH0wI=":{"valueMac":{"type":"Buffer","data":"RCW3DYDhrzLzT7+oa2xAGXfC2PNeh05ul5CM47Dj8CM="}},"HwdWcV4t9QZeNOwIxTqKko3D5Hzqif2HC/AlKSEDFMc=":{"valueMac":{"type":"Buffer","data":"zqcsKTBZJKAg/ojTAUmEVz6ya7pywmUCmGohfbF+LYM="}},"4xz7pRLFTwE6kBQMNaBxORwPdd1Vlq33G2oEf/c9FZI=":{"valueMac":{"type":"Buffer","data":"Pm03tVZO4pzoNgn5o6pEfaQ9iFbD9At/MVPJMW6CBDY="}},"wOVyTcvoEty8GtocrswVb+rAPcgWfxGPoKcCCVQVmEw=":{"valueMac":{"type":"Buffer","data":"ydIAMPb3bai9FYuKWkV97F9WpLGu0kl8RLKwGWdDmiE="}},"5qxUS50jI/ALMzeUjqwGIiXicCjcNOxzavUcL8NEDTQ=":{"valueMac":{"type":"Buffer","data":"SVjbycV70eVNeNcSzGv17YT8m107UwyN2wMrkys6l4k="}},"yoRvJ0thUxgU9squsFEOzVF4g1o0mV/TLj50hObwYd0=":{"valueMac":{"type":"Buffer","data":"R6zC1SsK4bpqjGhgO+AZXAvzDVmlzpeUR2mMvQC0tOU="}},"QF9oDtpyRvvG/jYdx6pHoI6wkZQ7AnWWbcoA8j/z4hE=":{"valueMac":{"type":"Buffer","data":"GvN32c4mFHsAS8OlnbU72vlBACGjzp8kInyRpNvxzZk="}},"4SjEQLdcBF5dNYXJxO5BjPxVuCh79K1XXO07uX2ANXg=":{"valueMac":{"type":"Buffer","data":"bzHkdrS6MfZA65GNad0MTEsR4CazZGsvUX1SFwkSkgg="}},"2w6+QlDuNaC18Imy50SZIEQTc2N/ZissoYbvYh80F+g=":{"valueMac":{"type":"Buffer","data":"esk0StJoc9U6GgcEqdNk1dBrkBfeaccB/M/0jbU4EBk="}},"sib/4B5IK413egtBPPPmkbgwYpIo8TCNF0wn0IFPee8=":{"valueMac":{"type":"Buffer","data":"c/XVnrhHoUZ/dYx5yv2+IT2nYR+T9+VROq6M12jBhdo="}},"i6uaVdi/jJYwEob6n+nqZA5bIMuMO1TQHZ1JwZjIp6g=":{"valueMac":{"type":"Buffer","data":"cv4qFevhj/TB2tcga56SH9dmwWBPqRMR1TrHxqSVm9w="}},"YbstxSU5NnVZnL5QIhoo2dN/w2Gs3fm6F6DT6xZ+7yo=":{"valueMac":{"type":"Buffer","data":"Md4ti5ve/KDDKyyjH7gHYoxm6zeBOgwJ9ANWJuSyoPg="}},"5VeCw/CbWvxUIFjbFEY/0BGUXIH7OQWVNaLioo3jGlg=":{"valueMac":{"type":"Buffer","data":"YFFQ8HypBOdxFTUTiLMJrAnOcG9RveCsWx/+EPA4R4E="}},"ULwH0lRaHGy8HfhWVL3Z9YtcM7lOe4G/u4NkRL0LFYM=":{"valueMac":{"type":"Buffer","data":"liLp3vJScoYfEqMCkA4hoFhQf4399KDFz0klY6pKQcE="}},"7SdcMSOaE5qKonKt3ijUVEL+Avw0+Ah4LlAoI0ORIk4=":{"valueMac":{"type":"Buffer","data":"FHccB2PJWtcfyIQtbBFVsfp4TSKyR+pZfNKFQU92jZs="}},"qBA7wPtedfY3ZnH4hxJFa5hEIexHi1U4exs/ZwvfujI=":{"valueMac":{"type":"Buffer","data":"j/wx3CgwqArEslUYNvHTFgZMcGXF8PNlEkeypGZMkbw="}},"a8sLbq0ra3pciAfbjk7xW0zjML9E23v5R5GrmZzT3yo=":{"valueMac":{"type":"Buffer","data":"YFcU9ioRFg4ITJatZiGS9yZU3ehlR50gOVFaMsFjQsQ="}},"jIt3OFPIw9GAxQGya0qBpRVcNw00rgs3w0K6450gNiY=":{"valueMac":{"type":"Buffer","data":"zxEDZ2NXQ4Q3HAQOWzMCYBfMpLzV4hkcPNtFMpzA0eY="}},"kynd8Xv6x+unJHAxV2Hwklljul1tD0kcwC9GojSuyhk=":{"valueMac":{"type":"Buffer","data":"mVRxLu81GACORNMqjvgodOepblziXG/HUGwh3TMQn/E="}},"27alOnTrxUm6NaYG4q5PIoEJVvhBXSqaHR/3Bu9LmCI=":{"valueMac":{"type":"Buffer","data":"/H1KV1dr0Miib9sbik89DvIhKx7t8ElTEhmP+JiGWy4="}},"z+QiASSnBkLqKOeomCfoIo53NKuPDA0oMe1sEMIYeSI=":{"valueMac":{"type":"Buffer","data":"YxUUVVeUfRxrIS+3WWL01e5o/TY0uhuvW2ggFs7dfk4="}},"/xdldkWX0ULrJ/6NGqfm8cQF6iTfj2vBGem6pcBCT4Y=":{"valueMac":{"type":"Buffer","data":"3ra5NyD6sxR6DCbwMp7vaC7uIgmC0SS7ZvLDNl232wU="}},"bWsRsTSAEWkxWECh72IrWRfpxeZNmdWmj3mTtxQUJqE=":{"valueMac":{"type":"Buffer","data":"b2ZvAZBFazmup/ZTKhGGPHBQmIFaJb1WRFwx074Ke3U="}},"3vmJIGlP7EUJZBYeteSDQowRRTaY9heVOrTA9+DdPp0=":{"valueMac":{"type":"Buffer","data":"kueKrdOaKNPRDxR6FEv6mi1seg2hn4P+x2G96WqlzaA="}},"PB29LqRe/elEEerP2uB4vP3OKVvUnYxfJJBVRIQEvnM=":{"valueMac":{"type":"Buffer","data":"c+FtwlL+mSDMQ/RKHRKke8SmIYTDVNk0xNfX2wQK7AI="}},"WDs/t+oC3ekLEWg1Jr4AyuKedSJNMU2wWsncx1AAS4Q=":{"valueMac":{"type":"Buffer","data":"jMHrck9348Pg+vmjhC4z5L/YZ3W7NpfU0Bg9GHucw6A="}},"GDmJ+XEH/ZyV6fGGbh1DkWPiC24HQXmuXOrTCA0mWWQ=":{"valueMac":{"type":"Buffer","data":"I5DXMBEG4O6AfO/nv5zseZCtCaUVuvdh8Ow3n85fBIc="}},"EzfOlj0TZCSG8snxigSVN2Ir5XW2G4NMQ/YDpbdUG7w=":{"valueMac":{"type":"Buffer","data":"11xOYvsWkV4eUF9HwtexyXBic6E7D0ENIC3uy/8SuCI="}},"pQVqjoo0dFjiFusvNc6+SpzksPhd//zbXKZjCIgj1Sk=":{"valueMac":{"type":"Buffer","data":"QGS+s0DBAK3tfzTINBzwJze3ReJZ4cChlqvEdfArxSw="}},"qb27gSIxQJ+CV2eaMP7pxeqx7q0oKBDPpTC+xpllibE=":{"valueMac":{"type":"Buffer","data":"HU9J4sFcoXcjSD7B2KYCJxhCJ/CrqZWn1S3hUvidRG0="}},"sEbZdtiVfF7xPemHrP9j0ieF3zOR2gFaXSSb2JFolKY=":{"valueMac":{"type":"Buffer","data":"X4GQbtbd60sKBZvDtdDccqh7mQQ/ivjZrLo/R9gNclo="}},"zm0Hrx/gMEHukjrwGU6frbDLSern3EsmOnEdgaoWpUs=":{"valueMac":{"type":"Buffer","data":"hGMhVpdibZA0NAiOeoiD5bbgRbPcC1fs6l/TDnRhEfw="}},"0nP3B5R6sGtG03LQm6tF5dzvw9pwJMhJGFkmrBkCAzk=":{"valueMac":{"type":"Buffer","data":"MsB8Qt+2e5bu9lXE/JOSGo0qff1/HaxbM0VXaE1SroA="}},"QEfyoL8Oy/NphwItvP8iG+D0JyMCnuRugJi5/OSfRPE=":{"valueMac":{"type":"Buffer","data":"Uw7RGxKXyTw+hDxS19onDImJMF3Yyz48CVfPG6lW9IE="}},"vc+NEREk8qe5oN70B+NJAL02lMTvjt71Pmq5s/j0FV4=":{"valueMac":{"type":"Buffer","data":"nqceJfI/apXnVHIyYhMsv2BizSKDjBDSIhWDC4tAL+w="}},"muOW/R23qeLL4qWsunL84a4tyiqJFl3+aYcCIaODv9Y=":{"valueMac":{"type":"Buffer","data":"87QOoRjzPvgWvJ5NEUVMie6pWSNe29O7ZEKLz/h3Tu8="}},"9qj+JzCTjPvpU85HoFzayPhNQ3dj5IIeOyS3gPlWy5Y=":{"valueMac":{"type":"Buffer","data":"ko2ai8TT1P22HPsw7Uru4ZY8YSHgIO72EiGxrRK/Stw="}},"jy2qwpKrpoqBkGRtjLK2FBseGNQ/BO/kXlNbvGef7Rc=":{"valueMac":{"type":"Buffer","data":"JTRvCSKCOjRsMBxJGElfysgUf0Ygx1Mq4orxsA4FwAI="}},"Jzg0KfHZKCd+TtYZh9xWjLw5qKPyREQy7c34dCY8WMU=":{"valueMac":{"type":"Buffer","data":"eBkD0NrDshWrLx7QOCj48m20ZHnx2jICALYPgIV6WDc="}},"hNnQxJDbAAMCfOK8pIfNlRGe7WUPd1IEK/gHV0U8Qys=":{"valueMac":{"type":"Buffer","data":"F1qcMGAtzyHITfuKoj3Eaau4nRMFa/abV6zOYGlyiHk="}},"+cLKuW6LdgnOlco3o+iIt/DH9syMY9N/YXf5kIWC9oA=":{"valueMac":{"type":"Buffer","data":"f3wAokfeA8r6SNdwlJzxcaKnjXSO5avxGwnk0ai1iGY="}},"lY3Cso5gGzjDID4eCML36oMDagXTt1TzhlL2+o7W6c8=":{"valueMac":{"type":"Buffer","data":"UHakiMwmsrwQ+6J/Zv+1defGVdzQKEYdQnpWSjc+f6w="}},"18wc67AQkD4GZc+4k9n5z/UAAhrQUhPsuD0NX0SlbNc=":{"valueMac":{"type":"Buffer","data":"coBRje8J4IkpjXvG07c9js7/0sxAkjW3cYTOVw22WmE="}},"IrzpxVwO5uiaZ9mCR1nh65dHtPLWeAbkA+BqgBcRv7U=":{"valueMac":{"type":"Buffer","data":"7ACFpZ3U50mB1Dycv7HSznjPkW9aEaOU9BQzk1qOnjA="}},"QEb6mlGjMBFP9ex3WEWFad1nkaD/P3Xs7lfDYJnjzbY=":{"valueMac":{"type":"Buffer","data":"XMufqsEK7hawIENtvexN0Q4ZvLrFB8WXNWBtcgQGIM8="}},"YL+8eZKDH7XOR9NHryyeBpz+rZKZuojoc6wsnCmxyxg=":{"valueMac":{"type":"Buffer","data":"Sxuw9jTmxEfnxmNGBW5jqbNVXsiyAxmbzyN88VUpwik="}},"jax5v4p0xbV3vz0JG3DjJGOkEt/87NIANDl7g6reuSc=":{"valueMac":{"type":"Buffer","data":"fVjNTIg42VzWHcedEeMJj7mj1ZBzX7RklIR72zWO4YA="}},"lWfPc3MSkJsRFiIgrP2u+XifIb6hquWeH/K5pRDFfCM=":{"valueMac":{"type":"Buffer","data":"/SvW+wwO5FNAsA24cLhAG+k9PBbVqJivqU1wvXcMab4="}},"kLyMcNWid2yYN8QY8NIIKp0eBcYGg2ISqrLUQqaCsac=":{"valueMac":{"type":"Buffer","data":"DcRGPDffqLXECfg1IlG//Ydbl9ye3F0w+IqUJBC/G9Q="}},"VsBm+AE9yHQCr4OF/kdSe1FL4xZ4HJZyIQbv+b8BmGI=":{"valueMac":{"type":"Buffer","data":"44xml8wwiYBuJl6GGetYQFBYLSFeOtM5e+OmBbiFj3M="}},"uNxIOfNWhmBlNg2fo8R2S8WUofzn0sbsMCrmth+BrfM=":{"valueMac":{"type":"Buffer","data":"IXNMcwJZksHwKXZaE7faTbpKT5K189+6/DPCGs0w22U="}},"Z9h2jV4tDwOdBHAyEkG/JZ+gYj0fZmOC/sXu26bLXE8=":{"valueMac":{"type":"Buffer","data":"q+tBRv72XKPgUomW5e7V2Jm2DrZ2R9iEcscphqzrHUw="}},"KwhXE4lJy54JeLWZg1I5KG6VWQCaFYDR0qzuhMx2P9U=":{"valueMac":{"type":"Buffer","data":"NtjLmP7blAwubim6sO6y9fKXp69RMb4BUWSO9/UG+Gw="}},"wRxsOlzSPYbPyI/bOV0IV+7rbiXaSJMyIhBGd+QjuyQ=":{"valueMac":{"type":"Buffer","data":"ZSNMVdqLKis2ukh7JTGfjGHD+aiRmWMspKbxCH3JnJw="}},"XCexf2YagINGTnsFVukYIpYWsOsm+0Jw0dd5wdELpcg=":{"valueMac":{"type":"Buffer","data":"cOGlQ1swJbDY0n0grYFGkJHBHoZhjFaEWbN+dZc77W8="}},"HjPcumn6vGJbUEgLWO2b+CuzFFfZYPGSpVH0FqASgoU=":{"valueMac":{"type":"Buffer","data":"0Rbt3sIw/r2wmKUDXDTbnQomVm5hB4ESLRBRx0ILZ8k="}},"TUGfgnmm2IkKw5RZVUtwiwhziR0um1sSmt4mP/i2NwI=":{"valueMac":{"type":"Buffer","data":"Z3vrZavCJjVegX1ckGnyqmUrsQmRZtUkhsv/Z0Qh0GU="}},"kFe4/GVHLvA5+YqNentbwcg2NiVf0DW8Twemb3Bzzr0=":{"valueMac":{"type":"Buffer","data":"mt4KVbiI+qJLbV9/UJE/g/ONvrj0byN18y2VktFvo8w="}},"3VDcaVufKld//3ekZlLpoFtSbqjmW28yEVodj0WdFrY=":{"valueMac":{"type":"Buffer","data":"FtQl28AcAHJm/Q+jOn8KaRiMxiHzV6TE8dgXkPswBPE="}},"a8c40yo0W4tUMW2es7ypiS96W1EwJMbhQoY/3JlclkQ=":{"valueMac":{"type":"Buffer","data":"TYy/XUWB2aEiy1oy2Uy3Z6NjG4DOLPymt2SKC+iRAB8="}},"IHEsyyOfd3X6haPL5MYUDqMcBBWj1bL0p0HEmv1cA8o=":{"valueMac":{"type":"Buffer","data":"EaS76xmZOe+wXzdS5pI42deRPwA8BHnpW0HvPVRTGx8="}},"Uyl45kt8rNhfHc83VsU04gD6+osEmUTcTTlFizzP3X8=":{"valueMac":{"type":"Buffer","data":"StypCk3sjD0AhPDx/Q//2cJqIFSKdO93FdwvL3aK/PE="}},"MS6LnBxIT/kjWfTVyYghnmvTFAiyg62DJEY4MwK/W0I=":{"valueMac":{"type":"Buffer","data":"1USOijjvyToBBUiEsK7dQwLwpcJ8ERch3Vx2NZntQD8="}},"/KuNMfMUrC+nXDuBJ0AS3Q5XBP4S8e74I4MxBaU01JM=":{"valueMac":{"type":"Buffer","data":"WVZXx++OJ0rrA7J6DnO7lwYURuwRKKzS87I0TWf68gY="}},"nOQz5qwxVtr3WRhhXnP4tOF1Fes4U7GwE0RPoVfcLt4=":{"valueMac":{"type":"Buffer","data":"EjRjxAS/tDfZyjSN41TMjI3aJLIUSvOKCOWZRphl3X4="}},"8QdbBNQ5VpuRyKWNE9cjmgk8K54DWNmID0V2GEUtsEk=":{"valueMac":{"type":"Buffer","data":"QRG8Gz3BUe6OFYCdl6j6jN3LeObuWll7rSqnea589DI="}},"DBGdlrSd0/a+V05JBVtjuHGTHYqFecnu5ql6S78bmCQ=":{"valueMac":{"type":"Buffer","data":"yvI+Rj6nnJcLzbAG6joHOROAOIUutQOQ/GNyUoFZDN8="}},"TwrI1Y+Yi3DJo6SE4rSJCB5+VOHJmaLnoiDS2LTmLPE=":{"valueMac":{"type":"Buffer","data":"T9kbR1h3/pbaV3R2VeT8WElkcyuk5FxI+k/h/6y5qZk="}},"flSKC1pvE9KbN6P0H4xhUV/nkG4JVRGTTqst9Y6XKB8=":{"valueMac":{"type":"Buffer","data":"gVVcCNs6CsNN0HLgO7W9kZBHX5NyHcsmuHwpCo0Ixlk="}},"HfvfN9KWZmBXEOhdG5eZCY8MS4ecuKXzwCv+IuVmcck=":{"valueMac":{"type":"Buffer","data":"sbbICfy1cnFA8N///AEHWW7hWu/fM6IGIU2Ey5W/MGs="}},"8J4i+j3ofgaZ2U/BOmq43z90g8NdvWPQ9M3pNyJznfg=":{"valueMac":{"type":"Buffer","data":"EohBrL8q2WNWNYCF0x+3p90xbCMOLISTXos2lDfkGOA="}},"kcV1OLppGP15smTGd0Ja5RtszTde6ITJaW079GZenMg=":{"valueMac":{"type":"Buffer","data":"eqwe6GIRsgCD3xfUE/zvg6ElcmKQSGFvI2Ivupa1Dgc="}},"lag4AgxHyGMddq3Ur250pQblDGskv3KBVhSE+wjNyug=":{"valueMac":{"type":"Buffer","data":"T7/s320TWc1eeKW/WOUqNDbeePlbrlqwK2xGo4RwSZI="}},"TURPLv6emlwmDxzOi4Q1BYEPSqxoEVu1LRH3CYzZqlU=":{"valueMac":{"type":"Buffer","data":"q9+fyN4JfZ813/TWSyUQS7IFJgjETvtpQnAlglQXXyg="}},"ggL/R4DQIzkwS9DhmAHLbLbzuWAcawKhF0CLNWqXdZU=":{"valueMac":{"type":"Buffer","data":"vGRG9QnYgFalDLz0QnlL/ZYDd14FN52UuoSJhmPcJBY="}},"lw5muEgCp2P6ZUI9TrUh1uHOuFpwjNqCvFlGRcu/p8Y=":{"valueMac":{"type":"Buffer","data":"jsW0eeAd1HwPXqPsyt7wW0IdcXbP36sLslAkGTTD5Qo="}},"nf+bw3Ec1ZC/36SGgiKMy7htIK5OX+ZhJ/dt5dt2D4E=":{"valueMac":{"type":"Buffer","data":"DSnKBuUqRyWEbISMbqjO9mhXNcm6OkkBBrQWhua0J4Q="}},"F9UucbmAVHwxeWJb2wTy5eVQ/rFroVomd0uuHl529us=":{"valueMac":{"type":"Buffer","data":"NMupJigYql8Ld5N1cEhjBiokJm4evQu9WyR5idMhooE="}},"B9RoIX6JX/3zLDDkb/w6Sgh+ANkQINucBHDhrj6oHLI=":{"valueMac":{"type":"Buffer","data":"k5rDnMlY7O5RlNCPuRcpFMLR1npaQfoZtlxZC9k5a+M="}},"4Xt1SWJuMjEh/FpeJCCrSwSSQvTrUXGdIPbjVqs7ZSg=":{"valueMac":{"type":"Buffer","data":"G7Of+6xtO77FE3vcd0XQr063A5yqz+1sb7bpwBsj3Sk="}},"SYv3AvgfEauuOUKLLi+AEB9WpN8rvWBi1vGb0gklaRo=":{"valueMac":{"type":"Buffer","data":"jePLu5v46sUBCXVenDdnnwZ6oUjeRLtZr+MRI2m3grw="}},"hnOvts1xyt40gk7YuQiZ04P37tcXhvXZe16K8MtB2m0=":{"valueMac":{"type":"Buffer","data":"CUVqY+5S5hj20pp/bWY0L07OBqSX2RJFrWS2cJwz8rs="}},"tkW7x82r9m7EUhsnkvgdwFHap6VFqjW2OpyH7UcyyU8=":{"valueMac":{"type":"Buffer","data":"asyAshKY2z23f8idGj1cbGNkDKDRDGt33Duvk5lPwbw="}},"kgRVfmMpnFkKrdILXJdkDyRuRZ45bW+KCLfm3ro4KrY=":{"valueMac":{"type":"Buffer","data":"qSIrH8oE5Ujzhc8GN5f0K/r7O+5ZsihCyfXQ1UEeyVU="}},"XRC/JP6UNSDEwKunit1OJnvpIe9q784C2+Vsg8Qx+/8=":{"valueMac":{"type":"Buffer","data":"9hlZn/DD/COpttm6FTCIVGCCeajDsNxTxXo1ce7Ho10="}},"lz1UPOhVg2YDVQ1B37V7fd19DSKcn92JbUtD8h1jUEI=":{"valueMac":{"type":"Buffer","data":"Y6pzuU17dhyx2Qzz3iO+wrp7JVU/XDyLwfkrhtVzV0w="}},"wkFvUdKz1DlNLFmm4M0/2OfYkEzlt75p9hPBZeGS6P4=":{"valueMac":{"type":"Buffer","data":"SE10yEfFgNXPOXvCb/ysufrHY81HtLl/5FpM9kqsSWU="}},"IIbY8gRulQoqsoUmuAEiTqVxW7y2yDHnvAlmQ/ndMKI=":{"valueMac":{"type":"Buffer","data":"9Hx9aIXSp3HCPSuuCu48aIzxJhI+MTSNECxtFur1ZKk="}},"5N10xI8YigfQ9klKOc2iSG3yBQGje4X1d3ojbBCFAwg=":{"valueMac":{"type":"Buffer","data":"qJMsDucLZfhgmlrB7Yoy34lKHKcQveq9pO0UZVrrdZc="}},"4KE00gv/7V+AUSIORazO0JCGLbo5Ka277QS17hOg7o0=":{"valueMac":{"type":"Buffer","data":"ycnQk9xWwOdMcHqNLxlEuzRcRjxdivsiywbPVV9WXJg="}},"S9JRSL8OvBvLD1PH4n+XIZZwI+X5z0F03BA9PihTCEw=":{"valueMac":{"type":"Buffer","data":"HoJ7CcHyy93gFgGIg9OQqiYaBkdlr//NacXskHFFZx8="}},"6MdDqv4UUF1OUL7ow4ULzcBTdq1yGspkjLSbA1tJgDQ=":{"valueMac":{"type":"Buffer","data":"bI7vjMYLp2dbhkdAyWnX0tTNJvAF0/86gogCNZGLK2A="}},"+gQcJoVwA+gbYxuAcwEPbdg3oet0I0McnZHh3y2ET/Y=":{"valueMac":{"type":"Buffer","data":"/AbqAypAk3j5iLN1hRS+pmj/1XVSaCEvN6wFq3mmFzU="}},"6+B6hxt6Xd7/XdJKmhMZ39ZQAzBiwRCg///4lmcgXsQ=":{"valueMac":{"type":"Buffer","data":"mz9jog8NwEze0ewL7IIFXnOMuD3Lq5F6BextpZd2vVI="}},"MKTP+n6Ahbi/QXrWI5LwrwdXxN7RuGcPfI9WRpOV+Rc=":{"valueMac":{"type":"Buffer","data":"weyA8TnHT/8Xg4x5sz8XKmqUZXNULCdVmOBnRSIhBJg="}},"eFppmW8LmqHyiGIHLRReE4/ggiAnpthHOwAc8dQcq4k=":{"valueMac":{"type":"Buffer","data":"e7/iXXv9zO/OnXioCEhlGTDS+x265BqaFyzU1cOMUvc="}},"5UsHtZQOKlsJ/nlhJfmDplB5uRffR1om1PnYWP35mrk=":{"valueMac":{"type":"Buffer","data":"Bq7AWkMG5quCp7S2UuDJe2KIqPxW/Yxokg3YiypKkqU="}},"Dd0iqM5qNoqXwH17uD5JA5eqZ+nnBU8OofvRmIHac/s=":{"valueMac":{"type":"Buffer","data":"hZy06wLxzycAbtEAMpSLetxSbOlxM3zU2LbJ7V1R9DI="}},"jx5qDRzOGFR/Y6AL/1paRtx2SXxePpluWtAaT168Qgw=":{"valueMac":{"type":"Buffer","data":"5Q0G9nyMraB+sgFVRE2E1RMYYjfMDAjXmZtgLz1qpno="}},"t9CfeEsiGSofZDb8x+f8aUpkf0v0BBtWVdKS9fzr4sA=":{"valueMac":{"type":"Buffer","data":"eHftsMEMZtbbgSMvYmu0JVrZJpgkjO0BGOipiMiVGLE="}},"kKcwf0EPyUA6MUQQGPpzXpK5pSVG5gItdu/wdJhr520=":{"valueMac":{"type":"Buffer","data":"l/Tk3AAoMNuqECIWGns3rony59wGaNRt+xvWQuPhOe4="}},"nyHb0mNoCKX5QbQozxy/aZKyqnwCdzRGY/xJnUc5Y3A=":{"valueMac":{"type":"Buffer","data":"GcS9Una9zcimi7FVbFKQmfNYHaF5+wJRWmQOrZxyEgI="}},"tlCBl7XGrVseY4yLassKSjhZ80mpdILatPEBpMpBQEg=":{"valueMac":{"type":"Buffer","data":"fiihpK6hJum9sCJoCJ4Z6MOi2P3RxJpdXyl+jqqkroI="}},"6zqNa2euyZWLzAtVTSY4f1PAxrylIWm/ZzBXGJSDMvk=":{"valueMac":{"type":"Buffer","data":"pyMJAHoEX/LKZr6nwEcKKQ/8qG0I9VLkdPDQxdE+mlE="}},"+O12Ktt2hyEsvWGIERKlFSFVkl0Kfm6feg3EpAEiJxw=":{"valueMac":{"type":"Buffer","data":"HZq1pGLj6IMnfdhbOfrIilmp43pmHZkEV25W2pf8IZM="}},"jdKdsLQB8Aso98A0mvPonPFTXfGPBB3TyVWwtNSRoKU=":{"valueMac":{"type":"Buffer","data":"ShmVNxDQSV+PER4uRtLuY6ejI8Z2jDcGaKO8sineiNo="}},"locb+hpyrinNx/xCYN1e1xj56tYn+atAn35awYJ8akI=":{"valueMac":{"type":"Buffer","data":"RvTs5Th4aC9H31G2soXm8YK8ah1E0EJFWxbSSjAIP+Y="}},"4Lgx7xrhIqpA5Vd1lDpneyISyi1zdiNZDtUtZkF6vyE=":{"valueMac":{"type":"Buffer","data":"IiiWR1vYsoxXavWUJm+O+Shb+WTDXRhWG/70TP5Vg28="}},"Bz5tMP2UgLcOn4MpQ37RIxVReAN4NST81BzZ9kmR9Og=":{"valueMac":{"type":"Buffer","data":"WL4TIAYXJpsrEWXJBQ4h4bA5zSMwOhWjRFZjtuQvjeI="}},"NeKXTlsYkbiBycxsYw51m8iAI5c7vGWPXkFCPVwv7t8=":{"valueMac":{"type":"Buffer","data":"WX5AUO5lgZ5CX2pF3L4aqonGAhf03F87FrLdZizOr1M="}},"JqS/HjCE8CUFSQeSrl0/pNxZxL93DBu0YsozUg1MR40=":{"valueMac":{"type":"Buffer","data":"oebWw/WxgiaCRMmY5Hd6ZsHcCWeBqYj7Yj/tn/RVZtg="}},"VYRTm35F0IGVvVbb45szuZf92LwDxiwXZSAX2KRF4Mo=":{"valueMac":{"type":"Buffer","data":"hPqzSzjdHd5VdMtggOQc5qSzo0sKddcJ/qQhz1O15Ck="}},"UOPSbvbcJB9nAkXLWqAWxwFjnvHxZohXRgLvKD+xdKI=":{"valueMac":{"type":"Buffer","data":"NFXwi51wCddZuP6Lss/fjAPMmlGT1ajZGjcqsyO0Otw="}},"OzAXfGKcIG0ZA1EtN9GKz+L+bEGo8vKeqS5CA+Bv8SM=":{"valueMac":{"type":"Buffer","data":"NoS60SoQWglzVpRmKvsQKlInePfmy2gF2rYkEm3mchs="}},"aavnFeosE3vAykncqqTeKeT8drSLf3POyopKkH+C8Rg=":{"valueMac":{"type":"Buffer","data":"WJs8KM0XtZFTYlH79HvJV0tRLYZ1PXMwNdVL/E0T3xI="}},"c7Eoiihka6QEUwaIjLItbMiL1EuiEDs+0EeNHOJzp0A=":{"valueMac":{"type":"Buffer","data":"ilO5U63cekXRCjwBihfRx0CDDg71lR1r3/oqjppH3JM="}},"XBPPbSidJwt/AD3LSP0PsNoJwnKTkHQpp16RA0LMNWM=":{"valueMac":{"type":"Buffer","data":"HBTGjm43fJMw4duQuNVGuJVpCG2aS7qFGX0uhCZJlN4="}},"xBMddJ4n0+D00P8i596s3mrOOQS7keJO1AHg78K8PAE=":{"valueMac":{"type":"Buffer","data":"6XvYy+/h1QVaFbeIIH1IE8Bie+qfg5p/WOL2K+99c88="}},"cPESCQcwfVGyHMtxaGv7bRZlJ7v0CgwR4NG/MDTriB8=":{"valueMac":{"type":"Buffer","data":"1ZqSkNP5c3ryFCbRMW8ov5a0LEwAtFtiGjkh0EOsLYs="}},"WEBodi/vX9Bs3Nybt40we2FwS7XUGAUFzbJBZZE2ey4=":{"valueMac":{"type":"Buffer","data":"hQeLz+eJ0kTPC+WGfbvysPM9mQwAseWWdJ134RVm7eI="}},"W1PBvF9N9ZLhmLnNMAGOUyV+PxXqW/CUZBU4+5GxCi0=":{"valueMac":{"type":"Buffer","data":"Zpi8HddaVcE91c8NdvZnYiFUFV+z32OzOnUvjgaIXmA="}},"t7y5V8tQNmVrLT90KSRudmOa8Jdj7q3zK8epTXnxNyg=":{"valueMac":{"type":"Buffer","data":"QZD9yHLiPzAhZaa0taDT1VKWgTksPovyKi+5+Laz6mA="}},"VxU4mK23DDetxI41lJ15ByhfUhN8mfgszL7Ir+Ge1N0=":{"valueMac":{"type":"Buffer","data":"U5rxkXJLqdHP0pI9fzUbC1c5vDQmR4YIJZOJ3qKSpCw="}},"qfwnxhObcKW9bur9dOKIQC+XWa9S9SHdtWkgluqgptA=":{"valueMac":{"type":"Buffer","data":"x0NlxhLP1hUV+z8jX24SYSHDolpWv2iErgqvdnjwLDU="}},"jq7xX49NPy0HW124hlqGnm4Rc+PXusMp0hPTXUVP6l4=":{"valueMac":{"type":"Buffer","data":"cLoTPDngs7ahPysJfKWzajDCToKkFAIa7qUZkvbDSW4="}},"BGjzSJu4QScymnLJdAVeHXjo9HnYENrTslPsAg20org=":{"valueMac":{"type":"Buffer","data":"ZBnFi8sJyAW5XCjACnW7+i7kICZcK2DNkhkx60B3nxM="}},"Rrc/JS8QG15zz2nef06C9uTuGOymHrwO/Bxz3hE4T2w=":{"valueMac":{"type":"Buffer","data":"7zy0xEBTin5l/rgEC2BgS88xBeFdMxu9sTEww82eP3A="}},"yGsT17Jn0pmY7iszGiLHTDau0pYPWZbXXFuOM7y4flI=":{"valueMac":{"type":"Buffer","data":"KBTXUDbTTwRLf0m8KfygZylU7dr6z3THyjGRvueaQoA="}},"sTT5HVFdNp9DyCKaG5N5QjwFPYdTudsOwOYgX05JI0A=":{"valueMac":{"type":"Buffer","data":"gXfbnLlaJhWTRn3jONWNcyxUSF0P9bLV7K5jFLvn9SU="}},"IEuOrQU9K/7SDk6mUR3DQVylDm1ZzgBRMKwKFLsBB34=":{"valueMac":{"type":"Buffer","data":"lZkuCdzZ2ZhSIRd5qO2a1hhzjUnlyG3WwTTm+JBKJhI="}},"OLwW2P7UxP+oUlGqK5zwQ28QRqUShs4rZqTFPRYnOt4=":{"valueMac":{"type":"Buffer","data":"ZV4gNYRwkpVgbT2L7ez5IF6JEfiImhSSDF4PYyDJB60="}},"XkEOk8G3g970EpaySIczVGZqxquGgDzAt4rTj6R6PT0=":{"valueMac":{"type":"Buffer","data":"oXo6i//Mz23kDa93rBmTEZWwfyRrWe10QVdytm7aArE="}},"M88pfXNV7MDitBmxllSOdnBVGm1uT0tMaHH0AfdiHfo=":{"valueMac":{"type":"Buffer","data":"gCmcgsWgTirEg+37+UseT+grZOgTb39//xZ9Pgwa8AE="}},"pTRms9sso+vFH2oVYY4yf69voKCbOY/m6XCRHtdEWQE=":{"valueMac":{"type":"Buffer","data":"Y1w/xTOSlnbDHQf36vAZRb3V2m78xyrueGQh0LjpZJU="}},"bEX7bU3By41gpvZORqIbSyeDSfrjBNTRA5xQDhhzN1I=":{"valueMac":{"type":"Buffer","data":"1md4f/A3DC93KdQ+tqrDa5gwJo6RZZOhBiap7LybJSA="}},"2GuFiibilyYgmuFLKCntMRzYWZ9FvJqH9JI83O0RJYw=":{"valueMac":{"type":"Buffer","data":"QrnOe2a3avYb7sdEyVDN7v6VTwmxPR49m9/cRKkGJto="}},"g5gpU4yQZxursINLqZ0xEpaubD7Quhg3etBYLa6QQoI=":{"valueMac":{"type":"Buffer","data":"BHwC4fhYuwwKSme0miqKZBOuRf08HKhQr8eNJdKSJVg="}},"7ThhR6MEYfmylrlSzHi9fyfSKaRyalHMzOs0Th9hnvc=":{"valueMac":{"type":"Buffer","data":"CQsES7mblFYA5wW8kJDBRcH8rR5JBBhQah+wo5C1v8Y="}},"8fg2Rgd7yJFKEFCR9AmDYrTVx/IQ+GOXRQtaIeVvVxQ=":{"valueMac":{"type":"Buffer","data":"uxfouO+iC/SwdgpRe5w3qXU2MNMXUZI1WNpnV6A0qSs="}},"IO3PTmV6UYRO6JaJfsw+KUJB9wB7OLs47CdHjHC3ENc=":{"valueMac":{"type":"Buffer","data":"pv0CZVU8UsZs5KkRAYJAzo0wPwTf4X9VYKdwQwc07XI="}},"uUyeMR/hWbwpaucB7KfiTCPaPR7st2n33bqD5RMbAWI=":{"valueMac":{"type":"Buffer","data":"w2qCvd44woJfLjctmkrxKKoInGHJQQoLsaXYM2FcfP4="}},"+LntnNxEDRw7JRsppemHN40T0hdKwu86hrWuuo2HOCA=":{"valueMac":{"type":"Buffer","data":"L2g4f7Y/FYUne74OPFJJXDa2mPONulwdJT7eUu7qXxk="}},"KJlgOXXB9LjlB5fvpqlxPPXutSVr/rHUYPBT6wXzxRg=":{"valueMac":{"type":"Buffer","data":"RtHeyk+RWmAU+3wQP9Euu2hBSFserYy73LZJB73g0ss="}},"mEZop7SDojEo5oaX4H9vajxaOTnttVAZV4sU4IgIzwc=":{"valueMac":{"type":"Buffer","data":"y7jNGi2eOfDUgQfCytcVuCp7OJQa64zVX+N3/SXHPZQ="}},"53hC2vq8h6/xFgvNust4MXxCUp4G5UaYvXaTH7JCCMw=":{"valueMac":{"type":"Buffer","data":"HUxodTogjJ3dzbezcrUejGQLoBBvPPkl/Nm7ncragi8="}},"TI8zXamRlqI8YsbZQDu5kCMguagf8ucVJt7Fbz08r5I=":{"valueMac":{"type":"Buffer","data":"Vqtp0KJwI7DMsqdai6DmkTW0pGiVhR0KngyaDlcJ1bA="}},"xodQyG54JuJu/MpAOxNvv69GCwEKWVr2xxAdfxhseCY=":{"valueMac":{"type":"Buffer","data":"sNuFHzj6wl8mLZI8kZXIeLe7w4kyzHIZXp/7Ap7qtWU="}},"Nt13i2ei5fq+vt/Rgi4c6fIOl3XCY/n1UvukxLlHOGI=":{"valueMac":{"type":"Buffer","data":"Nm5N3V9z5MrpU8n4pwOkdovTy8HcRLZUadsXN77uLwk="}},"jQiIQ+xNRE2KuKmcvY/+Pq1vhIIHZJunJjCWHFnvFZc=":{"valueMac":{"type":"Buffer","data":"txUmjrpR469VTWUAteIzQAVI10ST5SJFFQ8ghGu8qUg="}},"zjo/GB6Nh/5KQ6dAnIacjigdAjI5tBlQzbVLlYrtcZc=":{"valueMac":{"type":"Buffer","data":"6kNcw53yU8Jl8ZSR2Sbv+lSeo+xhxbNtjAt5ORlR6Xo="}},"/UjEp5ZbXL5SOKR5O9okQGXxHtHnOnBcfyl4zuHlLzs=":{"valueMac":{"type":"Buffer","data":"yOeeZbFs62HZT5Ict/qy1FSa7ej3nmI5TByUDWiHnNQ="}},"evUYwE+rcE+B/9x9xHvJl+vCdz74Zw2llz7vAVKB3hU=":{"valueMac":{"type":"Buffer","data":"AESDX2TVBGOR2T7kLdwKWkB+8d+LKokbSfq1nRk0ZvQ="}},"xzaBKG8ybAjhwlpRtk+S/cAgKdrnZjMU2SqFly/TwrU=":{"valueMac":{"type":"Buffer","data":"5QNjQpzmd6AE5iCDIkoRyL+iD10NqhnLlLAk6SlDgSg="}},"ilqDjvUd/JrZqJCiDkBGrQiwDmiEdyO4WMOfvAGQ2ss=":{"valueMac":{"type":"Buffer","data":"o99V+vSF2SAjFzGz30HzfXivHA+bZfGoFn2bXAVlRXY="}},"BwKR+WzQBEwhBCG5bB01Lohwj5F0zeM1a4oGCJNkyjg=":{"valueMac":{"type":"Buffer","data":"EFG03on2XM2cCVCpDUFgv2HlAQOwO1ObrZVpURsIyz0="}},"rmC2CTN64l9Is/vxQP5FF8c/c8gF0GDuKnn4JCUJTK0=":{"valueMac":{"type":"Buffer","data":"VGFb0/8XyYneDQff6sHz0fqjQvAXB+oGi2Pd3+96IpM="}}}}