{"version":1,"hash":{"type":"Buffer","data":"FWPEkOqAO7/f3eKPV2UzUVMvUUsq0K0x8uf2raEW0cyrbgB8eu+cT5iEG2wIxlVLUfkGageCBU31a2mFrC7HhnuVXbVSrK80UmdckCebLC6y3cOLkt0wWxop2/aCB8hGwQ+/MU7Tj8I77dIc6zyJPOOADXN+4+CoJoY90FD8sqQ="},"indexValueMap":{"fg6C92+2J8vqrWqg1My+vWLe40Lk+TW6y5Lo8aiKRUU=":{"valueMac":{"type":"Buffer","data":"yzr+r02Lfw48VlF3KSIRHH8lJbcrVch+RBGNE5J5Dd8="}},"rXA64/sdZCYdkXUrKhX31EsxA0TJ4dWHRUJLRMXBu+E=":{"valueMac":{"type":"Buffer","data":"LrD/FeORbjjXtDxnF2AckIIghRt+LAkfRnByih1af8E="}}}}