{"version":2,"hash":{"type":"Buffer","data":"2PPWh+yrWQ9k8e6NK3pv4VHhF72WiLMExs89H+jX4TfJAqUieLXSbkMoVQz5OAPwtXrdkFpsXurN9mFXDy6/Nw6sdmCV9L5qa30hK0+AzPzkOXCuqUQQi5+m3dE4Ca4SOzhIfiBdcdnhMLCxgf2b0FA3svTL2cSZWXdQOFYpFzE="},"indexValueMap":{"ldJJvxlFqFBDCASIaV9/7ewLcmlItog/R2jOfHTnBYE=":{"valueMac":{"type":"Buffer","data":"Je+wky49tuH88/c7hvBJfDoeaHilc4AwlP2jM3rc7Gs="}},"+O5DyxlJTxDnnZyYuoJTCrIMtPDDPMOQCw0A/YOlGG8=":{"valueMac":{"type":"Buffer","data":"P45zjr6B0arm0He8r67HG9Ssd74Gy8Yl89ICnSQa3zs="}},"8dRLIunnXFMSNjKUdCDOYKb1rNtfGp5kQ1nAvw5u1Xc=":{"valueMac":{"type":"Buffer","data":"ixW+3s7o6YXkHyvXbrjAcc6HpIKcFSFZXEetp/LB9AU="}},"BuyKRqTXTpGFK1y7AnFT9BNoMdz0ma1GjUZqigAkUEU=":{"valueMac":{"type":"Buffer","data":"TXKT7l9iAe8zIILS0nbXY0bYQuFcxVjJIalVfv6wOCw="}},"G/kWnohyhvh9c/oQVDtSq76lUoRFL6KBGGC6+/MFAlw=":{"valueMac":{"type":"Buffer","data":"jz+zTDrbmsaMHR5vB+UPyM825dAC6RxlvHA3OOQyzsU="}},"YHclR8xo8BMiNx3JKxUnm1zdqBW4M/GOEHmuUZofP5U=":{"valueMac":{"type":"Buffer","data":"//hMXZW5vWAlCVApaRgqkTEdokCmYVUhOwreDAnPCFA="}},"vn+Zjhc26cemq/qpqP8IdjQ9qWFn4Za0ofLMICwDsNI=":{"valueMac":{"type":"Buffer","data":"Y7Ehvrjq8E16VdpIvqPQ+0U+Khv+7N/zuIKvVgt1nKc="}},"sxW7aCtKBfSUq3urPWqvOUMHGEJ+vC3mkMSJB6mfgjM=":{"valueMac":{"type":"Buffer","data":"REzubM4jaPsDbpcQtwCHgd1b5qxQDKmFio2YCt5seR4="}},"BiZx3PVFbHovig2jD4tG9V2XvyPA2VWzH/FI+2mYSbk=":{"valueMac":{"type":"Buffer","data":"THZf9ugZ2GkvpEH7G+/5m57H8+k5lxgWoCNXFXX08kk="}},"xIjX6vrmSDELOY8PIw7fp7E+pSK+l/826Sg0n/5JwQQ=":{"valueMac":{"type":"Buffer","data":"4IMU9k0ZpzyJED5nPjPuIUzuIf5gqZzEYsPA3YTOdYo="}},"oRHMCYJD1bMj6QkVdtbf6TNossIgv37aMR1gf2/9swc=":{"valueMac":{"type":"Buffer","data":"SvxbAb0T+gDHNVZTut6iy5opgXWOmH7kXMc2hoXmC4E="}},"poUAypUp+upsyzJJSMq8oRJL33azQlsniJYXqJBvpkk=":{"valueMac":{"type":"Buffer","data":"HA4UX9XG9tBRNxzu8DNCcCSQdCy9LADlCunoSZ2C9Xg="}},"iD6fw1k/1CP6ayZL3b3SRPcwYC3IJKftdR2fXpaQRiE=":{"valueMac":{"type":"Buffer","data":"0nCCn+l4haeiVhKHZ6tDubLEPi/BtM+LeljnNelc0xA="}},"/HIGDUA6iUZZcKv3CRimwfuilf1OQXlXetCigde8svU=":{"valueMac":{"type":"Buffer","data":"VPsW20SN2eJV4MPN/rj/k5YUjI7txZ9zaeptZmscUwk="}},"UL93wbhym1tmQMe2F6EZkoOYfnWMRtB1hXuwO7c7u0c=":{"valueMac":{"type":"Buffer","data":"2v2M6fBE7LXp0CUxI0eOnwD1MfX5oCguPQEngGipgYQ="}},"MdhHATTYt3HvLq0A7nMVvcpscWAaTEVQmPoH58AqFqg=":{"valueMac":{"type":"Buffer","data":"cvDq/U8QxoLM22U6UOJoPh34eB/LD8Ll6nU6grQ8dAc="}},"PO5pmWtRANjBiZxFtccToH24x0yKjBTvOnQk6kKXY34=":{"valueMac":{"type":"Buffer","data":"/qXT80pi54FDnNMIvCQXJMiGnXNBYEmj9dmWQBmfTR8="}},"ptOyPd7AGhjoO3bQqA5TrBu62FL+thMTKK4MOvcyae8=":{"valueMac":{"type":"Buffer","data":"wO1A8TOT18zXsVpdqYEO6PxkyWJWELe++Qd0NNS2rXI="}},"pC3hmucwfw3w/+xmTqfnBRAic2Oyfzn15Tn12xcl3zs=":{"valueMac":{"type":"Buffer","data":"UsUJDF7w+vmEk9166P79gnMYsbAZhI9hCJKFS68AFiQ="}},"4BYfZj44cuKMvPc5+Yw+Ue6RLjlCAObKTbiGOU0H0Ig=":{"valueMac":{"type":"Buffer","data":"yLqme18EXL4iNx7wTkKOfG6sLvk2iS5UGm2KL3qGHhs="}},"3lk2KzN0JKfN1XBPxQnYcqSfcLsopHtUcMc7+JbbtWg=":{"valueMac":{"type":"Buffer","data":"JHo2xw7m66Hpv9re0SO21NzswvIjnFDYLncnh/GFdTQ="}},"kTQnsanZ2Y1R3SfinnR1AYioJ4IKSxtkcrRV6kjW+PU=":{"valueMac":{"type":"Buffer","data":"P2oB0MdQImLeEEYmPYJ+1vLEWD+MHZRUuspUUwOfwKY="}},"g/ym8mfJ5a6vZLaQn3Z9LDWrsT7NvttTyzOCOlYx9j0=":{"valueMac":{"type":"Buffer","data":"Rfh2bzEvskNzLPD2jnZAsz0YP7Lcg84etkz4k16vZ9U="}},"vGD/JHA4uQyPX5rYrvzl4fugspfiGjRRBBZtCOAbGCo=":{"valueMac":{"type":"Buffer","data":"a6N33UflDvgo0ujHdmgl0H8c9JpjeEEthrY/88gsut4="}},"pKFJVBEAAfA8xcpLBkP9zpPCHZwJDyz+vMFjRVGIvT8=":{"valueMac":{"type":"Buffer","data":"dABg3OtlkJB33h76Ac9HiNk+eRT2mUfiH7U/ohXBSX0="}},"kuhZdnRVX4FPmEIvw4G2hq+o/TAPhkb2UjqAVDnor2M=":{"valueMac":{"type":"Buffer","data":"rPtG8ahiIanGQl1sdBvl+FsO6n2lo6v0BqOMKv8SVIo="}},"DOR6q+1EXVfpzxIWnoFL8rK1SPbAbpjkxPMWPLw4pig=":{"valueMac":{"type":"Buffer","data":"CrKk1jKbYvwr+qgY5a8cH+cBxvdGPoejLrozW7cdn90="}},"TNos2ZWdCRSCZ2R63EvQLeysTmjhJjQT0zBD63A9mK4=":{"valueMac":{"type":"Buffer","data":"I1lcp8WkAEzn4uCQkpVOPv2J/kwJxsjZ+BE7E7cxN5c="}},"EWY6KFeCw0wFFjluyDeQXiAY2Ntzp8nhd53YC5kWZsM=":{"valueMac":{"type":"Buffer","data":"93xiGUYTcp8H9KJ5PNa2dnwoTtOVErR+Vg07JHarg5M="}},"Wp9b1hOXh1SSM0Ny2GueIZMwa9/27VtV7pOyeNW9LYE=":{"valueMac":{"type":"Buffer","data":"38cy6Zehwfs/Uj//JdUvpneMJlC8LC/VzzctR+uxZ8g="}}}}