{"noiseKey":{"private":{"type":"Buffer","data":"YBEalaa9kTTO7XPWqP2mPATwBTGzCNF2MaY8OIsMzmU="},"public":{"type":"Buffer","data":"Rwl3Gkk0H7pUdB0FNW2Gd4AjjBOB0vAKdiMKcyfV6RA="}},"pairingEphemeralKeyPair":{"private":{"type":"Buffer","data":"yEL7L8K350dlXH0I05sC0uuC6ihcu3sWCvNSl1nf738="},"public":{"type":"Buffer","data":"CPcxOSwZTUeP5IlUiGiYqleftPDxGI1KrNfDsE081l4="}},"signedIdentityKey":{"private":{"type":"Buffer","data":"sG2h2jsKXfBJMFNFe5i0Q15vI1qy+V37cOF2R/qKDlI="},"public":{"type":"Buffer","data":"I3H0YwzkMnBrVLDzNwENUBYRSXUtDZ0b3/DCaZ1C7y8="}},"signedPreKey":{"keyPair":{"private":{"type":"Buffer","data":"MOow6lPH1HN+6miwaOLSWOVdjygm1nVou+Kx4ursPX8="},"public":{"type":"Buffer","data":"w/3iWdIUCWdm8EcO+bS+kWH0j8DfHxBPwzMCSkgGQlQ="}},"signature":{"type":"Buffer","data":"RtXpmCVeAVmiZxb4H75nORq4tmvBTq17Z6+Vb2HDRZ6B0V3MMrPazjpp+gEPFtJsG0nToePSdyjx6UvxFun1hg=="},"keyId":1},"registrationId":150,"advSecretKey":"v9Ma1rgXGytjfSDyuhAeNEE+/tiX8UdTIjw6/TL1bQM=","processedHistoryMessages":[{"key":{"remoteJid":"6288973686537@s.whatsapp.net","fromMe":true,"id":"E97F6B47F501888712C2F8364C26D06D"},"messageTimestamp":1735349197},{"key":{"remoteJid":"6288973686537@s.whatsapp.net","fromMe":true,"id":"F25F60BFB6094B8F36702CD5BDCF6365"},"messageTimestamp":1735349198},{"key":{"remoteJid":"6288973686537@s.whatsapp.net","fromMe":true,"id":"F1B59C0894FED28DB189D7652F0C2FEA"},"messageTimestamp":1735349294},{"key":{"remoteJid":"6288973686537@s.whatsapp.net","fromMe":true,"id":"28B032EE27EC79246D7B1E8018A71997"},"messageTimestamp":1735349426}],"nextPreKeyId":31,"firstUnuploadedPreKeyId":31,"accountSyncCounter":1,"accountSettings":{"unarchiveChats":false},"registered":true,"pairingCode":"9K1CWAPM","me":{"id":"6288973686537:45@s.whatsapp.net","lid":"232414085406770:45@lid","name":"🐣muach🫶🏻"},"account":{"details":"COPOqtwGEMGnvbsGGAIgACgA","accountSignatureKey":"lvTH3CRmON/m+WuUZxKQ+Y6FEN49GEklHg9wviW88kg=","accountSignature":"QQbxxc+dGJdWQL7+BUWOOQLVChOz4EkP5lYIkpj11zIKjT6nqSf12ypAvjzdGhMWffr5+aTGM0HqH7SB576NAw==","deviceSignature":"QUTr4BTpLjdbylAEG5xuumNF2GLnGyiuoDFdKP4bB5YJWOMoWgVUaqaoqNQT6h1XgfXTPs3Egonym0F83YS7gQ=="},"signalIdentities":[{"identifier":{"name":"6288973686537:45@s.whatsapp.net","deviceId":0},"identifierKey":{"type":"Buffer","data":"BZb0x9wkZjjf5vlrlGcSkPmOhRDePRhJJR4PcL4lvPJI"}}],"platform":"android","routingInfo":{"type":"Buffer","data":"CAIIEg=="},"lastAccountSyncTimestamp":1735364883,"lastPropHash":"iEaZ1","myAppStateKeyId":"AAAAAKjx"}