{"_sessions":{"BcYLMn52/HF39g/Ccp7GhdS29amI75jEtB8xh8f4omwe":{"registrationId":183,"currentRatchet":{"ephemeralKeyPair":{"pubKey":"BUcM2hvG/nRNCDaPe+yqulHyhr47Zdbme8024G2ktJBm","privKey":"2E2kDRREUczcqAJLUvrPow6N/rRWBIJ9numZ26e7WUo="},"lastRemoteEphemeralKey":"BahQIiHgJGKYTiiN4+TjB3wN3Va0a+OQDJcYEtFrT7om","previousCounter":0,"rootKey":"3LAcSf7y0hZc30IVUECr3gkqktuT1zloFzVFNBpSQuo="},"indexInfo":{"baseKey":"BcYLMn52/HF39g/Ccp7GhdS29amI75jEtB8xh8f4omwe","baseKeyType":1,"closed":-1,"used":1735365020160,"created":1735365020160,"remoteIdentityKey":"Be28ayRpgdx58Bq2sjlVBP8wqt/HrXYXKJuSpQ5Q73Bd"},"_chains":{"BUcM2hvG/nRNCDaPe+yqulHyhr47Zdbme8024G2ktJBm":{"chainKey":{"counter":3,"key":"uFG+ojCs1hPYm+0wyjrLFF/mpeT1+WxjX18vIimYH+0="},"chainType":1,"messageKeys":{}}},"pendingPreKey":{"signedKeyId":1,"baseKey":"BcYLMn52/HF39g/Ccp7GhdS29amI75jEtB8xh8f4omwe","preKeyId":2}}},"version":"v1"}