{"_sessions":{"BfpS2odN8ipxt70wTgNzi1UvBcJ4eMdJSUVihZiqh/JR":{"registrationId":1261299919,"currentRatchet":{"ephemeralKeyPair":{"pubKey":"BelXZa2PFR2zF1OOTrxAN+6rrAmz+owHoOCqpqwQvEIo","privKey":"wMppx3WHMPZJ0bnM2ZfDVpI27Y9gj9TTaRAR7uyKBFo="},"lastRemoteEphemeralKey":"BT0mtUATwJI0N01FueZ3/3FlGme2IqHAorVMLsEZIBYz","previousCounter":0,"rootKey":"vFbC8idED5fHWkBOxcxhvInU1TLIAHPgAP4i13xwgGA="},"indexInfo":{"baseKey":"BfpS2odN8ipxt70wTgNzi1UvBcJ4eMdJSUVihZiqh/JR","baseKeyType":2,"closed":-1,"used":1735364884681,"created":1735364884681,"remoteIdentityKey":"BZo94S7ueek0+ASoaAvMHS0H4m3k4ayrWgiSp9Ung8A7"},"_chains":{"BT0mtUATwJI0N01FueZ3/3FlGme2IqHAorVMLsEZIBYz":{"chainKey":{"counter":0,"key":"l038pShxNcxwd0LX1Pyqe2uok5mD3soCY1hVM2EvKbM="},"chainType":2,"messageKeys":{}},"BelXZa2PFR2zF1OOTrxAN+6rrAmz+owHoOCqpqwQvEIo":{"chainKey":{"counter":-1,"key":"nj67wz0nGcnEdjKhZYYdzAKdhFbblbe3MlYNK7JRUsw="},"chainType":1,"messageKeys":{}}}}},"version":"v1"}