{"_sessions":{"BU+mcpleXku3wUs19+Yi/IfGM7AVuBwTVkmpl32guqIa":{"registrationId":440854768,"currentRatchet":{"ephemeralKeyPair":{"pubKey":"BYDHaDnQ28lwqJjXA4SNClF70Ha6WaZ1BPwFAidvKxEo","privKey":"+KGStO/CEUxuoojxs1Tco8oal7TRsJ5gsoVTphVS/38="},"lastRemoteEphemeralKey":"BQdllIwMK8YIJhomridOAVXd/m1HGctYSCDHuPrVy4Bu","previousCounter":0,"rootKey":"NVDbSfuiH8vGrOtVDgaZmlRWESwWGjiLAY1paqctoaA="},"indexInfo":{"baseKey":"BU+mcpleXku3wUs19+Yi/IfGM7AVuBwTVkmpl32guqIa","baseKeyType":1,"closed":-1,"used":1735365020143,"created":1735365020143,"remoteIdentityKey":"BZDbrX/jGD37lbNn9a30gtEp98Z4+7JV856lxM5xPHI8"},"_chains":{"BYDHaDnQ28lwqJjXA4SNClF70Ha6WaZ1BPwFAidvKxEo":{"chainKey":{"counter":3,"key":"bhBuLFDIw0r3bTdBjpmldF6JgzZ/KeQvNt5O86v+iRM="},"chainType":1,"messageKeys":{}}},"pendingPreKey":{"signedKeyId":0,"baseKey":"BU+mcpleXku3wUs19+Yi/IfGM7AVuBwTVkmpl32guqIa","preKeyId":16502778}}},"version":"v1"}