{"_sessions":{"BYymq3y0JbWG0mtQr4MgS5VwmkJUhumW4VYgPkafGdhJ":{"registrationId":1494027069,"currentRatchet":{"ephemeralKeyPair":{"pubKey":"BfxeG2tuUt1ala47Q+PBaqMikA31tw9u+E8kz/fQYUxC","privKey":"AJFkh6q6hKt+d64oHfdUllFKPs4M2Y08fgZor6s8Bkk="},"lastRemoteEphemeralKey":"BUMtpzw6+htbQ7rRguMaX54Wf6LjZfJi3pCjpqnZQdMD","previousCounter":0,"rootKey":"VUXwzXu9+8QQOmmpvyIqSGYnkEqX/UF/C+CY46D+iVU="},"indexInfo":{"baseKey":"BYymq3y0JbWG0mtQr4MgS5VwmkJUhumW4VYgPkafGdhJ","baseKeyType":2,"closed":-1,"used":1735349192515,"created":1735349192515,"remoteIdentityKey":"BZb0x9wkZjjf5vlrlGcSkPmOhRDePRhJJR4PcL4lvPJI"},"_chains":{"BUMtpzw6+htbQ7rRguMaX54Wf6LjZfJi3pCjpqnZQdMD":{"chainKey":{"counter":8,"key":"jUYhFrVlhz1SAWtGsxdpQFIoDTA7UateLRuPsZs9W8Q="},"chainType":2,"messageKeys":{}},"BfxeG2tuUt1ala47Q+PBaqMikA31tw9u+E8kz/fQYUxC":{"chainKey":{"counter":3,"key":"Ftoc7BwmRsvoh+RbibMBPLLJe63BVAxELjXgcUkfFdM="},"chainType":1,"messageKeys":{}}}}},"version":"v1"}