{"_sessions":{"BZGkAyO4sBytjMz/g7Y1BESkmYiYLq0f58djJwT88JVE":{"registrationId":1525318785,"currentRatchet":{"ephemeralKeyPair":{"pubKey":"BRWZh1UbNWZJi79ieX0QDb/2EvCECk6FyOHeBJExVGp2","privKey":"KHfvkZWyiTA1AO4Fdco09JIfLUUlhjwDiuyKfw26TnI="},"lastRemoteEphemeralKey":"Bd1S6eKsy9AWB0S6OC56htfJfqdc+uFOCpQCva353UYA","previousCounter":0,"rootKey":"pqRuZFLeTo9Z4VNm71h7LLf5zYtWv1F9n2gGdVv9eso="},"indexInfo":{"baseKey":"BZGkAyO4sBytjMz/g7Y1BESkmYiYLq0f58djJwT88JVE","baseKeyType":2,"closed":-1,"used":1735364884060,"created":1735364884060,"remoteIdentityKey":"Bfg77BSQ10QhXGbsbiZbeqZj22GPYqw5VdfIAGO5l29B"},"_chains":{"Bd1S6eKsy9AWB0S6OC56htfJfqdc+uFOCpQCva353UYA":{"chainKey":{"counter":0,"key":"Q21t0wbLnCYVdVDQJCHrNUA/Gk8NDE8pJebchu1fYes="},"chainType":2,"messageKeys":{}},"BRWZh1UbNWZJi79ieX0QDb/2EvCECk6FyOHeBJExVGp2":{"chainKey":{"counter":-1,"key":"oQAMZy5m+vYbFELMq9T3I2gRIYx9t57qUfqF/Zyj4v4="},"chainType":1,"messageKeys":{}}}}},"version":"v1"}