{"_sessions":{"BVjYBbPxWDfF/JKrGUeJ5vPj445vSxk1lM0aCFHQHec6":{"registrationId":1143034129,"currentRatchet":{"ephemeralKeyPair":{"pubKey":"BcV4c8nAW6LAaWNLFd5Nv0QiaO1ITtEYyo8rGeRenrQ+","privKey":"ABbwIuZJBig5i7/E4rtz+pBlxJJ0naOEm66tOKTGwm4="},"lastRemoteEphemeralKey":"BQThvJR4yT2qbLudjJI8sQ7sCV5XViFnpQT6UlEs620H","previousCounter":0,"rootKey":"uki+2u05Lsw6q2NHnLBzPFY9GWPYzhQdTsS706+mQ7E="},"indexInfo":{"baseKey":"BVjYBbPxWDfF/JKrGUeJ5vPj445vSxk1lM0aCFHQHec6","baseKeyType":2,"closed":-1,"used":1735365395473,"created":1735364904141,"remoteIdentityKey":"Baa3Bq6ceZrg/WtaAv1fbDmYtABB4oJwRg8DDk23/M0D"},"_chains":{"Ba9vgIyzobVWU6+/p6xkQ/Ey6X73laYJkSI9rb1ZVK0Z":{"chainKey":{"counter":1},"chainType":2,"messageKeys":{}},"Bdnm0jtS8bKrFr/9yARKW0BveGvJR68dAe6idUaOY0pd":{"chainKey":{"counter":1},"chainType":2,"messageKeys":{}},"BQThvJR4yT2qbLudjJI8sQ7sCV5XViFnpQT6UlEs620H":{"chainKey":{"counter":0,"key":"5xhCkRmWso85zYvzYXHt9ZNq/XihA1nptj8Gego0PyE="},"chainType":2,"messageKeys":{}},"BcV4c8nAW6LAaWNLFd5Nv0QiaO1ITtEYyo8rGeRenrQ+":{"chainKey":{"counter":1,"key":"b0pD4xWjefFkyy/XX7SLwb9E06fN24u9iIocaB7AR/k="},"chainType":1,"messageKeys":{}}}}},"version":"v1"}