[
  {
    "index": 1,
    "rank": "SSS",
    "misii": "Menaklukan Raja Iblis ",
    "exp": 97838,
    "health": 100,
    "crystal": 37,
    "title": "Penakluk Raja Iblis ",
    "point": 28,
    "gems": 10
  },
  {
    "index": 2,
    "rank": "F",
    "misii": "Mencari Crystal ",
    "health": 46,
    "exp": 1072,
    "crystal": 3,
    "title": "Crystal Hunter ",
    "point": 0,
    "gems": 0
  },
  {
    "index": 3,
    "rank": "SS+",
    "misii": "Taklukan naga Everest ",
    "exp": 79938,
    "health": 90,
    "crystal": 24,
    "title": "Sang Penakluk Naga Everest ",
    "point": 12,
    "gems": 9
  },
  {
    "index": 4,
    "rank": "B+",
    "misii": "Memusnahkan Desa Goblin ",
    "exp": 5647,
    "health": 40,
    "crystal": 9,
    "title": "Musuh Para Goblin ",
    "point": 3,
    "gems": 1
  },
  {
    "index": 5,
    "rank": "C+",
    "misii": "Menyelesaikan Dungeon Berisi Monster Laba laba ",
    "exp": 4837,
    "health": 74,
    "crystal": 7,
    "title": "Spider Monster Killer ",
    "point": 2,
    "gems": 1
  },
  {
    "index": 6,
    "rank": "A+",
    "misii": "Membuat Ramuan Penyembuh penyakit 50 poison ",
    "health": 2,
    "exp": 26829,
    "crystal": 15,
    "title": "Alkemis Ramuan Hebat ",
    "point": 10,
    "gems": 2
  },
 {
    "index": 7,
    "rank": "E+",
    "misii": "Memungut kristal di dungeon ",
    "exp": 3000,
    "health": 3,
    "crystal": 5,
    "title": "Crystal Picker ",
    "point": 0
  }
]